
[
  {
    "image": "01.jpg",
    "title": "Hay Bales",
    "caption": "I love hay bales. Took this snap on a drive through the countryside past some straw fields."
  },
  {
    "image": "02.jpg",
    "title": "Lake",
    "caption": "The lake was so calm today. We had a great view of the snow on the mountains from here."
  },
  {
    "image": "03.jpg",
    "title": "Canyon",
    "caption": "I hiked to the top of the mountain and got this picture of the canyon and trees below."
  },
  {
    "image": "04.jpg",
    "title": "Iceberg",
    "caption": "It was amazing to see an iceberg up close, it was so cold but didn’t snow today."
  },
  {
    "image": "05.jpg",
    "title": "Desert",
    "caption": "The red cliffs were beautiful. It was really hot in the desert but we did a lot of walking through the canyons."
  },
  {
    "image": "06.jpg",
    "title": "Fall",
    "caption": "Fall is coming, I love when the leaves on the trees start to change color."
  },
  {
    "image": "07.jpg",
    "title": "Plantation",
    "caption": "I drove past this plantation yesterday, everything is so green!"
  },
  {
    "image": "08.jpg",
    "title": "Dunes",
    "caption": "My summer vacation to the Oregon Coast. I love the sandy dunes!"
  },
  {
    "image": "09.jpg",
    "title": "Countryside Lane",
    "caption": "We enjoyed a quiet stroll down this countryside lane."
  },
  {
    "image": "10.jpg",
    "title": "Sunset",
    "caption": "Sunset at the coast! The sky turned a lovely shade of orange."
  },
  {
    "image": "11.jpg",
    "title": "Cave",
    "caption": "I did a tour of a cave today and the view of the landscape below was breathtaking."
  },
  {
    "image": "12.jpg",
    "title": "Bluebells",
    "caption": "I walked through this meadow of bluebells and got a good view of the snow on the mountain before the fog came in."
  }
]